"old_url","new_url","type","status","title","category","date","modified","seo_title","meta_description","featured_image"
"https://unity.salon/the-hair-mom/","/the-hair-mom/","page","200","The Hair Mom | Cosmetology Classes for Students | ESA Accepted","","2026-08-01","2026-08-01","The Hair Mom | Cosmetology Classes for Students | ESA Accepted","Hands-on cosmetology boot camps for students in Phoenix. In-salon training with foundational theory. ESA and ClassWallet accepted. Taught at Unity Salon.",""
"https://unity.salon/braidful-event-braids-phoenix/","/braidful-event-braids-phoenix/","page","200","Braidful | Event Braids","","2026-04-07","2026-04-07","Event Braids Phoenix | Braidful at Unity Salon","Discover Braidful by Unity Salon, offering creative event braids in Phoenix for special occasions, pop-ups, resort settings, and unique experiences.",""
"https://unity.salon/hair-tips-trends-extensions-advice-unity-salon-norterra-phoenix/","/hair-tips-trends-extensions-advice-unity-salon-norterra-phoenix/","page","200","News, Hair Tips, Trends","","2025-11-23","2025-11-23","Hair Tips, Trends & Extensions Advice | Unity Salon Norterra","Explore expert hair tips, curly hair care, color trends, and extension advice from Unity Salon in Norterra, Phoenix.",""
"https://unity.salon/","/","page","200","Unity Salon | Specialists in All Colors and Types of Hair | Hair Extensions, Hair Coloring, Curly Hair","","2025-11-23","2026-06-13","Hair Salon in Norterra Phoenix, AZ | Unity Salon","Unity Salon in Norterra, Phoenix offers expert hair color, extensions, curly cuts, and personalized styling to help you look and feel amazing",""
"https://unity.salon/salongevity-socks-by-unity-salon/","/salongevity-socks-by-unity-salon/","page","200","Salongevity Socks","","2025-10-26","2025-10-26","Salongevity Socks by Unity Salon | Comfort & Style That Lasts","Salongevity Socks by Unity Salon deliver all-day comfort, support, and style. Salon-tested, life-approved. Shop the collection on Etsy.",""
"https://unity.salon/contact-unity-salon-sponsorships-partnerships-education-opportunities/","/contact-unity-salon-sponsorships-partnerships-education-opportunities/","page","200","Build Unity","","2024-03-05","2025-04-10","Contact Unity Salon | Sponsorships, Partnerships & Education","Contact Unity Salon for sponsorships, brand partnerships, content creation, webinars, and educational opportunities with national reach.",""
"https://unity.salon/unity-university/","/unity-university/","page","200","Unity University","","2022-04-10","2025-07-26","Unity University - Unity Salon","Unity University was created to focus on educating people on ethnic hair types. Classes have been helping salons, families and educators.",""
"https://unity.salon/striving-for-unity/introducing-braidful-event-braiding-unity-salon/","/striving-for-unity/introducing-braidful-event-braiding-unity-salon/","post","200","Introducing Braidful | Event Braiding by Unity Salon","striving-for-unity","2026-05-10","2026-05-10","Introducing Braidful | Event Braiding by Unity Salon","Unity Salon introduces Braidful, a new event braiding brand for festivals, pop-ups, resort braiding, and special events, launched at Country Thunder Arizona.","https://unity.salon/wp-content/uploads/2026/04/country-thunder-e1778376194327.jpg"
"https://unity.salon/striving-for-unity/spring-hair-extensions-norterra-phoenix/","/striving-for-unity/spring-hair-extensions-norterra-phoenix/","post","200","Spring Hair Extensions at Norterra | Unity Salon Refresh","striving-for-unity","2026-02-23","2026-05-10","Spring Hair Extensions at Norterra | Unity Salon Refresh","Get your Spring Hair Extensions at Unity Salon in Norterra. Book your consultation today!","https://unity.salon/wp-content/uploads/2026/02/Beauty-District-Unity-Salon.jpg"
"https://unity.salon/services/back-to-school-haircuts-norterra/","/services/back-to-school-haircuts-norterra/","post","200","Back to School Already? Let’s Get Haircut Ready","services","2025-07-27","2025-10-30","Back to School Haircuts Norterra | Unity Salon with Tamekia","School starts early this year in Deer Valley. Book your back to school haircuts in Norterra with Unity Salon and get ready for the first day.","https://unity.salon/wp-content/uploads/2025/07/Back-to-School-Haircuts-Scissors-on-Books-e1753580391427.png"
"https://unity.salon/services/norterra-hair-stylist-growth/","/services/norterra-hair-stylist-growth/","post","200","So Much Growth – Let’s Grow Together","services","2025-06-14","2025-06-14","Norterra Hair Stylist | Free Consultations at Unity Salon","Norterra is growing fast, make sure your hair care grows with it. Get a free consultation with an experienced Norterra hair stylist","https://unity.salon/wp-content/uploads/2025/06/The-Beauty-District.jpg"
"https://unity.salon/services/photos-and-hair-extensions/","/services/photos-and-hair-extensions/","post","200","Hair Extensions for Every Occasion: Prom, Weddings, Photoshoots, and More!","services","2025-03-21","2025-03-21","Hair Extensions for Every Occasion: Prom, Weddings, Photoshoots","Regardless of the photo shoot, hair extensions are a popular addition. Inquire first and learn more before making the investment.   ","https://unity.salon/wp-content/uploads/2025/03/Salon-Cartoon.png"
"https://unity.salon/types-of-hair/hair-goals-2025/","/types-of-hair/hair-goals-2025/","post","200","New Year, New Hair: Setting Your 2025 Hair Goals!","types-of-hair","2025-03-19","2026-01-07","Hair Goals 2025: Expert Tips to Achieve Your Best Hair Yet","Check in on your 2025 hair goals! Get inspired to embrace your natural grey, reduce heat styling, and achieve healthy hair transitions.","https://unity.salon/wp-content/uploads/2025/03/DALL·E-2025-03-18-21.01.55-A-vibrant-cheerful-image-showing-diverse-women-confidently-showcasing-different-hair-goals-for-2025.-Include-one-woman-proudly-embracing-her-natural-.webp"
"https://unity.salon/types-of-hair/summertime-brings-summer-hair/","/types-of-hair/summertime-brings-summer-hair/","post","200","Summertime Brings Summer Hair","types-of-hair","2024-06-18","2025-07-03","Summertime Brings Summer Hair - Unity Salon","Summer time means ""Summer Hair"", what are your plans this summer? Here are what some of our clients plans.",""
"https://unity.salon/services/hair-extensions-north-phoenix-norterra/","/services/hair-extensions-north-phoenix-norterra/","post","200","Hair Extensions in Norterra","services","2024-03-16","2025-04-10","Hair Extensions in Norterra | Unity Salon","Hair extensions in Norterra are in high demand. See why women all over Phoenix are booking this luxury service at Unity Salon.",""
"https://unity.salon/striving-for-unity/curly-hair-specialist-devacurl/","/striving-for-unity/curly-hair-specialist-devacurl/","post","200","DevaCurl & Curly Hair Specialist","striving-for-unity","2023-01-20","2025-06-17","DevaCurl & Curly Hair Specialist - Unity Salon","You can trust Unity Salon with your curly hair. Certified DevaCurl stylist that specializes in curly, wavy, and extra curly clients.","https://unity.salon/wp-content/uploads/2020/04/bigstock-Close-up-Portrait-Of-Nice-Cute-353132087.jpg"
"https://unity.salon/striving-for-unity/add-unity-to-our-community/","/striving-for-unity/add-unity-to-our-community/","post","200","Add Unity To Our Community","striving-for-unity","2022-10-14","2025-05-31","Add Unity To Our Community - Unity Salon","Quick outlook of how different people have different views and there is no right and no wrong. Let's work together for our community.",""
"https://unity.salon/striving-for-unity/vacation-time-still-thinking-about-hair/","/striving-for-unity/vacation-time-still-thinking-about-hair/","post","200","Vacation Time – Still Thinking About Hair","striving-for-unity","2022-08-02","2025-04-26","Hair Extensions for Vacation or Everyday Life","Planning a trip or just want to feel fabulous every day? Discover how hair extensions for vacation, or every day, can boost your confidence.",""
"https://unity.salon/striving-for-unity/hair-extensions/","/striving-for-unity/hair-extensions/","post","200","Hair Extensions Provide Instant Transformation","striving-for-unity","2022-04-10","2023-03-02","Hair Extensions Provide Instant Transformation - Unity Salon","Cinderella was beautiful before the fairy godmother, but the wave of the wand did modify her look. Hair extensions are similar.",""
"https://unity.salon/striving-for-unity/people-watching/","/striving-for-unity/people-watching/","post","200","People Watching","striving-for-unity","2021-05-03","2025-04-26","People Watching - Unity Salon","We can come together in UNITY to make sure that every client has the luxury of choosing their stylist based on their personality, professionalism, experience, and not based on their nationalities.",""
"https://unity.salon/striving-for-unity/curly-and-beautiful-hair/","/striving-for-unity/curly-and-beautiful-hair/","post","200","Curly and Beautiful Hair","striving-for-unity types-of-hair","2020-06-07","2025-03-31","Curly & Beautiful Hair | Biracial Blonde Transformation | Unity Salon","Discover how a biracial client with curly hair achieved her dream blonde color through expert care and inclusive hairstyling.",""
"https://unity.salon/category/services/","/category/services/","category","200","Services","","","","","",""
"https://unity.salon/category/striving-for-unity/","/category/striving-for-unity/","category","200","Striving for Unity","","","","","",""
"https://unity.salon/category/types-of-hair/","/category/types-of-hair/","category","200","Types of Hair","","","","","",""
